{"percents": [0.25354742195594204, 0.20790900005043478, 0.14607685985095653, 0.12036324544578263, 0.11623398066057972, 0.10529494071913044, 0.10085297877391304, 0.09926757393217392, 0.07476201966304347, 0.07050448872246377, 0.0671445555344203, 0.059544187569855064, 0.05566115375347826, 0.05328201420672464, 0.05209374823855073, 0.051977250012608694, 0.051977250012608694, 0.0496767148546087, 0.04652481268565217, 0.04607662075362319], "words": ["猎人", "之血", "苍白", "梦境", "主角", "火药桶", "格曼", "血源", "怪兽", "看到", "漫画", "解脱", "古神", "输血", "游戏", "旧亚楠", "渴血", "解释", "什么", "知道"], "article_id": 97627}
{"percents": [0.43736954278902435, 0.3397155049437805, 0.2915796951926829, 0.253603436840122, 0.2199481885217073, 0.21080932390121954, 0.1761545253004878, 0.14578984759634145, 0.14578984759634145, 0.14578984759634145, 0.14578984759634145, 0.14578984759634145, 0.14578984759634145, 0.14578984759634145, 0.14578984759634145, 0.14578984759634145, 0.13570840158170733, 0.12651606252926828, 0.11938785107073172, 0.1184946992890244], "words": ["堡垒之夜", "横穿", "NoahJ456", "地图", "火箭弹", "骑着", "火箭", "大打特", "PVP", "大热", "御箭", "大逃杀", "kotaku", "主播", "youtube", "PVE", "浮夸", "玩法", "壮举", "很多"], "article_id": 97645}
{"percents": [], "words": [], "article_id": 85463}
{"percents": [0.25354742195594204, 0.20790900005043478, 0.14607685985095653, 0.12036324544578263, 0.11623398066057972, 0.10529494071913044, 0.10085297877391304, 0.09926757393217392, 0.07476201966304347, 0.07050448872246377, 0.0671445555344203, 0.059544187569855064, 0.05566115375347826, 0.05328201420672464, 0.05209374823855073, 0.051977250012608694, 0.051977250012608694, 0.0496767148546087, 0.04652481268565217, 0.04607662075362319], "words": ["猎人", "之血", "苍白", "梦境", "主角", "火药桶", "格曼", "血源", "怪兽", "看到", "漫画", "解脱", "古神", "输血", "游戏", "渴血", "旧亚楠", "解释", "什么", "知道"], "article_id": 97627}
{"percents": [0.43736954278902435, 0.3397155049437805, 0.2915796951926829, 0.253603436840122, 0.2199481885217073, 0.21080932390121954, 0.1761545253004878, 0.14578984759634145, 0.14578984759634145, 0.14578984759634145, 0.14578984759634145, 0.14578984759634145, 0.14578984759634145, 0.14578984759634145, 0.14578984759634145, 0.14578984759634145, 0.13570840158170733, 0.12651606252926828, 0.11938785107073172, 0.1184946992890244], "words": ["堡垒之夜", "横穿", "NoahJ456", "地图", "火箭弹", "骑着", "火箭", "youtube", "御箭", "kotaku", "PVE", "大热", "大逃杀", "PVP", "大打特", "主播", "浮夸", "玩法", "壮举", "很多"], "article_id": 97645}
{"percents": [], "words": [], "article_id": 85463}
